{
  "metadata": {
    "n_arms": 8,
    "numeric_solver": true,
    "drag_model": false
  },
  "fixed_parameters": {
    "R_blade_m": 1.6,
    "chord_m": 0.16,
    "m_blade_kg": 0.25,
    "m_plate_kg": 0.25,
    "tau_motor_Nm": 60.0,
    "z_obs_m": 0.005,
    "z_obs_mm": 5.0,
    "t_obs_s": 0.5,
    "P_Pa": 1500000.0,
    "P_bar": 15.0,
    "T_K": 300.0,
    "Delta_D_m": 0.01
  },
  "carrier_parameters": {
    "F_actuator_N": 20.0,
    "m_carrier_kg": 0.25,
    "Cd_carrier": 0.1,
    "r0_carrier_m": 0.8,
    "carrier_width_m": 0.16,
    "carrier_height_m": 0.005,
    "carrier_frontal_area_m2": 0.0008
  },
  "phase3_parameters": {
    "z_lift_m": 0.005,
    "z_lift_mm": 5.0,
    "t_lift_s": 1.0,
    "t_wait_s": 0.5,
    "u_c_m_s": 0.0001,
    "u_c_mm_s": 0.1,
    "z_max_m": 0.02,
    "z_max_mm": 20.0
  },
  "gas_properties": {
    "rho_kg_m3": 78.95718065912918,
    "mu_Pa_s": 2.32e-05,
    "nu_m2_s": 2.938301470028182e-07,
    "c_s_m_s": 177.94024659436187,
    "gamma": 1.6666666666666667
  },
  "phase1_kinematics": {
    "sweep_angle_rad": 0.7853981633974483,
    "sweep_angle_deg": 45.0,
    "I_blades_kg_m2": 1.706666666666667,
    "I_plates_kg_m2": 1.2800000000000002,
    "I_total_kg_m2": 2.9866666666666672,
    "t_rot_s": 0.39545100958107565,
    "t_rot_ms": 395.45100958107565,
    "omega_max_rad_s": 3.9721641587384817,
    "V_tip_max_m_s": 6.355462653981571,
    "method": "analytical"
  },
  "phase1_flow_regime": {
    "Ma_tip": 0.03571683627296349,
    "Re_tip": 3460754.572019113,
    "compressible": false,
    "turbulent": true
  },
  "phase1_boundary_layer": {
    "delta_m": 0.002913986574026059,
    "delta_mm": 2.9139865740260587,
    "theta_m": 0.0002833042502525335,
    "delta_star_m": 0.00036424832175325735,
    "H": 1.2857142857142858,
    "Cf": 0.002913986574026059,
    "u_tau_m_s": 0.2425917047848327,
    "Cd": 0.006028115605221313,
    "Re_c": 3460754.572019113
  },
  "geometry": {
    "t_max_m": 0.0192,
    "t_max_mm": 19.2,
    "z_blade_top_mm": 9.6,
    "z_BL_top_mm": 12.513986574026058,
    "gap_mm": 2.0860134259739413,
    "R_cyl_m": 1.605,
    "tip_gap_mm": 4.999999999999893
  },
  "phase1_eddy_diffusion": {
    "method": "numerical",
    "nu_t_outer_m2_s": 4.166939890220922e-05,
    "nu_t_over_nu": 141.81458004651088,
    "u_prime_m_s": 0.3177731326990786,
    "t_eddy_s": 0.009170021862060675,
    "t_eddy_ms": 9.170021862060675,
    "t_decay_s": 0.01834004372412135,
    "t_decay_ms": 18.34004372412135,
    "ell_turb_m": 0.0008741959722078175,
    "ell_turb_mm": 0.8741959722078175,
    "ell_mol_m": 0.0003832950214931171,
    "ell_mol_mm": 0.3832950214931171,
    "max_reach_m": 0.004171477567726994,
    "max_reach_mm": 4.171477567726994,
    "mom_initial": 0.002294528585001783,
    "mom_final": 0.0014380843716416997,
    "mom_fraction": 0.6267450233750661,
    "u_at_obs_m_s": 3.3406590932754734e-05,
    "u_at_obs_cm_s": 0.0033406590932754734,
    "reaches_z_obs": false
  },
  "phase1_velocity_profile": {
    "z_mm": [
      0,
      1,
      2,
      3,
      4,
      5,
      6,
      7,
      8,
      10,
      15
    ],
    "u_m_s": [
      0.0,
      0.6131476836919013,
      0.5105112688595411,
      0.21244440079541782,
      0.012300416461335903,
      3.3406590932754734e-05,
      3.280387791726021e-09,
      1.1251450016076504e-14,
      1.1234455661278207e-21,
      5.8211816039646924e-40,
      6.151046581676095e-112
    ],
    "u_cm_s": [
      0.0,
      61.31476836919013,
      51.05112688595411,
      21.244440079541782,
      1.2300416461335903,
      0.0033406590932754734,
      3.280387791726021e-07,
      1.1251450016076504e-12,
      1.1234455661278206e-19,
      5.821181603964692e-38,
      6.151046581676094e-110
    ]
  },
  "phase1_bulk_swirl": {
    "torque_Nm": 15.749163466369707,
    "J_angular_Nm_s": 6.228022592833294,
    "gap_mm": 2.0860134259739413,
    "t_visc_s": 14.809413049443846,
    "delta_E_mol_mm": 0.3846356902323347,
    "w_E_mol_um_s": 763.9180514562586,
    "delta_E_turb_mm": 4.580469772085351,
    "w_E_turb_cm_s": 0.9097188929431226,
    "z_Ekman_turb_mm": 0.16684284273236138,
    "t_turb_life_ms": 18.34004372412135
  },
  "phase1_potential_flow": {
    "t_max_mm": 19.2,
    "blockage_ratio": 3.8399999999999994,
    "w_disp_during_sweep_m_s": 4.9993123778673745,
    "t_acoustic_ms": 8.991782526003856
  },
  "phase1_pressure_pulse": {
    "dp_Pa": 3189.2309833742006,
    "dp_fraction": 0.002126153988916134,
    "du_acoustic_m_s": 0.22699701905119374,
    "t_arrive_us": 28.09932039376205
  },
  "phase1_secondary_flows": {
    "tip_gap_mm": 5.0,
    "a_cent_m_s2": 6.311235241586637,
    "t_cent_s": 0.03980547547627898,
    "dp_cent_Pa": 2.491586705761094
  },
  "phase1_vortex_shedding": {
    "Re_d": 415290.5486422936,
    "St": 0.21,
    "f_shed_Hz": 69.51287277792343
  },
  "phase2_kinematics": {
    "delta_r_m": 0.8,
    "t_slide_s": 0.2,
    "t_slide_ms": 200.0,
    "V_max_m_s": 8.0,
    "method": "analytical"
  },
  "phase2_flow_regime": {
    "Ma": 0.044958912630019277,
    "Re": 4356258.243262299,
    "compressible": false,
    "turbulent": true
  },
  "phase2_boundary_layer": {
    "L_carrier_mm": 160.0,
    "Re_L": 4356258.243262299,
    "regime": "turbulent",
    "delta_m": 0.0027829088587755604,
    "delta_mm": 2.7829088587755604,
    "theta_m": 0.0002705605834920684,
    "delta_star_m": 0.00034786360734694505,
    "H": 1.2857142857142856,
    "Cf": 0.0027829088587755604,
    "u_tau_m_s": 0.29841763265735144
  },
  "phase2_eddy_diffusion": {
    "method": "analytical",
    "nu_t_outer_m2_s": 5.009235945796008e-05,
    "nu_t_over_nu": 170.48066704156,
    "u_prime_m_s": 0.4,
    "t_eddy_s": 0.006957272146938901,
    "t_eddy_ms": 6.957272146938901,
    "t_decay_s": 0.013914544293877801,
    "t_decay_ms": 13.914544293877801,
    "ell_turb_mm": 0.834872657632668,
    "ell_mol_mm": 0.3832950214931171,
    "max_reach_mm": 4.001076537901345,
    "u_at_obs_m_s": 0.0,
    "u_at_obs_cm_s": 0.0,
    "reaches_z_obs": false
  },
  "phase3_kinematics": {
    "z_lift_m": 0.005,
    "z_lift_mm": 5.0,
    "t_lift_s": 1.0,
    "t_lift_ms": 1000.0,
    "a_lift_m_s2": 0.02,
    "V_lift_max_m_s": 0.01,
    "V_lift_max_mm_s": 10.0,
    "t_wait_s": 0.5
  },
  "phase3_profile1": {
    "description": "Blade BL diffusion evaluated at t_slide + t_lift + t_wait after rotation",
    "t_eval_s": 1.7,
    "delta_1_m": 0.002913986574026059,
    "delta_1_mm": 2.9139865740260587,
    "z_q1_m": 0.002899999999999999,
    "z_q1_mm": 2.899999999999999,
    "max_reach_m": 0.0044949436444168414,
    "max_reach_mm": 4.494943644416842,
    "t_decay_s": 0.01834004372412135,
    "t_decay_ms": 18.34004372412135,
    "nu_t_outer_m2_s": 4.166939890220922e-05
  },
  "phase3_profile2": {
    "description": "Carrier slide BL diffusion evaluated at t_lift + t_wait after slide stops",
    "t_eval_s": 1.5,
    "delta_2_m": 0.0027829088587755604,
    "delta_2_mm": 2.7829088587755604,
    "z_q2_m": 0.002799999999999999,
    "z_q2_mm": 2.799999999999999,
    "max_reach_m": 0.004281667967922512,
    "max_reach_mm": 4.2816679679225125,
    "t_decay_s": 0.013914544293877801,
    "t_decay_ms": 13.914544293877801,
    "nu_t_outer_m2_s": 5.009235945796008e-05
  },
  "phase3_profile3": {
    "description": "Stokes layer from lift evaluated at t_wait after lift stops",
    "t_eval_s": 0.5,
    "delta_3_m": 0.0005420610177856532,
    "delta_3_mm": 0.5420610177856532,
    "z_q3_m": 0.007500000000000007,
    "z_q3_mm": 7.500000000000007,
    "z_lift_m": 0.005,
    "z_lift_mm": 5.0,
    "delta_eff_m": 0.0006638864515142837,
    "delta_eff_mm": 0.6638864515142837
  },
  "summary": {
    "t_rot_ms": 395.45100958107565,
    "t_slide_ms": 200.0,
    "t_lift_ms": 1000.0,
    "t_wait_ms": 500.0,
    "t_total_ms": 2095.4510095810756,
    "t_total_s": 2.0954510095810757,
    "V_tip_max_m_s": 6.355462653981571,
    "V_slide_max_m_s": 8.0,
    "V_lift_max_mm_s": 10.0,
    "phase1_delta_mm": 2.9139865740260587,
    "phase2_delta_mm": 2.7829088587755604,